	section_id	unesco_id	filename	type	href	year	date	city	x.title	document_id	document_name	Adjective	Adverb	Conjunction	Delimiter	Noun	Numeral	Other	Preposition	Pronoun	Verb	n_raw_tokens	n_tokens
CONSTITUTION_0201_015244_1945_london	201	15244	CONSTITUTION_0201_015244_1945_london.txt	CONSTITUTION	ev.php-URL_ID=15244&URL_DO=DO_TOPIC&URL_SECTION=201.html	1945	16-11-1945	London	UNESCO Constitution	0	CONSTITUTION_0201_015244_1945_london	314.0	109.0	245.0	601.0	1423.0	87.0	144.0	725.0	752.0	464.0	4263.0	1886.0
CONVENTION_0201_049557_2019_paris	201	49557	CONVENTION_0201_049557_2019_paris.txt	CONVENTION	ev.php-URL_ID=49557&URL_DO=DO_TOPIC&URL_SECTION=201.html	2019	25-11-2019	Paris	Global Convention on the Recognition of Qualifications concerning Higher Education	1	CONVENTION_0201_049557_2019_paris		1.0			1.0			1.0			3.0	1.0
CONVENTION_0201_049523_2019_buenos_aires	201	49523	CONVENTION_0201_049523_2019_buenos_aires.txt	CONVENTION	ev.php-URL_ID=49523&URL_DO=DO_TOPIC&URL_SECTION=201.html	2019	13-07-2019	Buenos Aires	Regional Convention on the Recognition of Studies, Diplomas and Degrees in Higher Education in Latin America and the Caribbean	2	CONVENTION_0201_049523_2019_buenos_aires	423.0	116.0	328.0	678.0	1454.0	37.0	123.0	657.0	530.0	442.0	4110.0	1896.0
CONVENTION_0201_049282_2014_addis_ababa	201	49282	CONVENTION_0201_049282_2014_addis_ababa.txt	CONVENTION	ev.php-URL_ID=49282&URL_DO=DO_TOPIC&URL_SECTION=201.html	2014	12-12-2014	Addis Ababa	Revised Convention on the Recognition of Studies, Certificates, Diplomas, Degrees and Other Academic Qualifications in Higher Education in African States	3	CONVENTION_0201_049282_2014_addis_ababa	324.0	142.0	236.0	607.0	1372.0	48.0	119.0	584.0	539.0	428.0	3792.0	1795.0
CONVENTION_0201_048975_2011_tokyo	201	48975	CONVENTION_0201_048975_2011_tokyo.txt	CONVENTION	ev.php-URL_ID=48975&URL_DO=DO_TOPIC&URL_SECTION=201.html	2011	26-11-2011	Tokyo	Asia-Pacific Regional Convention on the Recognition of Qualifications in Higher Education	4	CONVENTION_0201_048975_2011_tokyo	435.0	153.0	245.0	732.0	1650.0	56.0	163.0	823.0	773.0	560.0	4858.0	2210.0
CONVENTION_0201_031038_2005_paris	201	31038	CONVENTION_0201_031038_2005_paris.txt	CONVENTION	ev.php-URL_ID=31038&URL_DO=DO_TOPIC&URL_SECTION=201.html	2005	20-10-2005	Paris	Convention on the Protection and Promotion of the Diversity of Cultural Expressions	5	CONVENTION_0201_031038_2005_paris	592.0	226.0	437.0	1133.0	2017.0	126.0	193.0	974.0	830.0	693.0	6088.0	2708.0
CONVENTION_0201_031037_2005_paris	201	31037	CONVENTION_0201_031037_2005_paris.txt	CONVENTION	ev.php-URL_ID=31037&URL_DO=DO_TOPIC&URL_SECTION=201.html	2005	19-10-2005	Paris	International Convention against Doping in Sport	6	CONVENTION_0201_031037_2005_paris	466.0	172.0	298.0	1056.0	2024.0	151.0	135.0	859.0	764.0	649.0	5518.0	2645.0
CONVENTION_0201_017716_2003_paris	201	17716	CONVENTION_0201_017716_2003_paris.txt	CONVENTION	ev.php-URL_ID=17716&URL_DO=DO_TOPIC&URL_SECTION=201.html	2003	17-10-2003	Paris	Convention for the Safeguarding of the Intangible Cultural Heritage	7	CONVENTION_0201_017716_2003_paris												0.0
CONVENTION_0201_013520_2001_paris	201	13520	CONVENTION_0201_013520_2001_paris.txt	CONVENTION	ev.php-URL_ID=13520&URL_DO=DO_TOPIC&URL_SECTION=201.html	2001	02-11-2001	Paris	Convention on the Protection of the Underwater Cultural Heritage	8	CONVENTION_0201_013520_2001_paris	805.0	248.0	472.0	1208.0	2285.0	179.0	226.0	1040.0	994.0	822.0	7071.0	3106.0
CONVENTION_0201_013522_1997_lisbon	201	13522	CONVENTION_0201_013522_1997_lisbon.txt	CONVENTION	ev.php-URL_ID=13522&URL_DO=DO_TOPIC&URL_SECTION=201.html	1997	11-04-1997	Lisbon	Convention on the Recognition of Qualifications concerning Higher Education in the European Region	9	CONVENTION_0201_013522_1997_lisbon	428.0	173.0	281.0	893.0	2004.0	99.0	190.0	1030.0	1013.0	634.0	5852.0	2626.0
CONVENTION_0201_013059_1989_paris	201	13059	CONVENTION_0201_013059_1989_paris.txt	CONVENTION	ev.php-URL_ID=13059&URL_DO=DO_TOPIC&URL_SECTION=201.html	1989	10-11-1989	Paris	Convention on Technical and Vocational Education	10	CONVENTION_0201_013059_1989_paris	312.0	87.0	217.0	408.0	825.0	61.0	66.0	383.0	319.0	252.0	2522.0	1067.0
CONVENTION_0201_013523_1983_bangkok	201	13523	CONVENTION_0201_013523_1983_bangkok.txt	CONVENTION	ev.php-URL_ID=13523&URL_DO=DO_TOPIC&URL_SECTION=201.html	1983	16-12-1983	Bangkok	Regional Convention on the Recognition of Studies, Diplomas and Degrees in Higher Education in Asia and the Pacific	11	CONVENTION_0201_013523_1983_bangkok	311.0	136.0	258.0	516.0	1166.0	90.0	106.0	595.0	587.0	409.0	3658.0	1569.0
CONVENTION_0201_013518_1981_arusha	201	13518	CONVENTION_0201_013518_1981_arusha.txt	CONVENTION	ev.php-URL_ID=13518&URL_DO=DO_TOPIC&URL_SECTION=201.html	1981	05-12-1981	Arusha	Regional Convention on the Recognition of Studies, Certificates, Diplomas, Degrees and other Academic Qualifications in Higher Education in the African States	12	CONVENTION_0201_013518_1981_arusha	356.0	128.0	241.0	511.0	1126.0	75.0	103.0	564.0	576.0	393.0	3562.0	1507.0
CONVENTION_0201_013516_1979_paris	201	13516	CONVENTION_0201_013516_1979_paris.txt	CONVENTION	ev.php-URL_ID=13516&URL_DO=DO_TOPIC&URL_SECTION=201.html	1979	21-12-1979	Paris	Convention on the Recognition of Studies, Diplomas and Degrees concerning Higher Education in the States belonging to the Europe Region	13	CONVENTION_0201_013516_1979_paris	303.0	139.0	231.0	484.0	1119.0	85.0	108.0	567.0	573.0	399.0	3524.0	1506.0
CONVENTION_0201_015218_1979_madrid	201	15218	CONVENTION_0201_015218_1979_madrid.txt	CONVENTION	ev.php-URL_ID=15218&URL_DO=DO_TOPIC&URL_SECTION=201.html	1979	13-12-1979	Madrid	Multilateral Convention for the Avoidance of Double Taxation of Copyright Royalties, with model bilateral agreement and additional Protocol.	14	CONVENTION_0201_015218_1979_madrid	556.0	298.0	445.0	1338.0	2581.0	173.0	363.0	1372.0	1459.0	800.0	8047.0	3377.0
CONVENTION_0201_013517_1978_paris	201	13517	CONVENTION_0201_013517_1978_paris.txt	CONVENTION	ev.php-URL_ID=13517&URL_DO=DO_TOPIC&URL_SECTION=201.html	1978	22-12-1978	Paris	Convention on the Recognition of Studies, Diplomas and Degrees in Higher Education in the Arab States	15	CONVENTION_0201_013517_1978_paris	304.0	119.0	230.0	464.0	1104.0	84.0	93.0	539.0	562.0	377.0	3412.0	1467.0
CONVENTION_0201_013514_1976_nice	201	13514	CONVENTION_0201_013514_1976_nice.txt	CONVENTION	ev.php-URL_ID=13514&URL_DO=DO_TOPIC&URL_SECTION=201.html	1976	17-12-1976	Nice	Convention on the Recognition of Studies, Diplomas and Degrees in Higher Education in the Arab and European States Bordering on the Mediterranean	16	CONVENTION_0201_013514_1976_nice	251.0	109.0	189.0	418.0	921.0	76.0	95.0	459.0	493.0	342.0	2935.0	1257.0
CONVENTION_0201_013636_1974_brussels	201	13636	CONVENTION_0201_013636_1974_brussels.txt	CONVENTION	ev.php-URL_ID=13636&URL_DO=DO_TOPIC&URL_SECTION=201.html	1974	21-05-1974	Brussels	Convention relating to the Distribution of Programme-Carrying Signals Transmitted by Satellite	17	CONVENTION_0201_013636_1974_brussels	71.0	49.0	75.0	307.0	496.0	61.0	71.0	242.0	252.0	199.0	1516.0	695.0
CONVENTION_0201_013512_1974_mexico_city	201	13512	CONVENTION_0201_013512_1974_mexico_city.txt	CONVENTION	ev.php-URL_ID=13512&URL_DO=DO_TOPIC&URL_SECTION=201.html	1974	19-07-1974	Mexico City	Regional Convention on the Recognition of Studies, Diplomas and Degrees in Higher Education in Latin America and the Caribbean	18	CONVENTION_0201_013512_1974_mexico_city	235.0	96.0	178.0	391.0	854.0	60.0	67.0	459.0	432.0	280.0	2661.0	1122.0
CONVENTION_0201_013055_1972_paris	201	13055	CONVENTION_0201_013055_1972_paris.txt	CONVENTION	ev.php-URL_ID=13055&URL_DO=DO_TOPIC&URL_SECTION=201.html	1972	16-11-1972	Paris	Convention concerning the Protection of the World Cultural and Natural Heritage	19	CONVENTION_0201_013055_1972_paris	433.0	149.0	340.0	730.0	1663.0	154.0	156.0	821.0	869.0	551.0	5136.0	2206.0
CONVENTION_0201_015241_1971_paris	201	15241	CONVENTION_0201_015241_1971_paris.txt	CONVENTION	ev.php-URL_ID=15241&URL_DO=DO_TOPIC&URL_SECTION=201.html	1971	24-07-1971	Paris	Universal Copyright Convention as revised at Paris on 24 July 1971, with Appendix Declaration relating to Article XVII and Resolution concerning Article XI	20	CONVENTION_0201_015241_1971_paris	433.0	299.0	397.0	974.0	2153.0	158.0	322.0	1189.0	1221.0	812.0	6984.0	2949.0
CONVENTION_0201_015398_1971_ramsar	201	15398	CONVENTION_0201_015398_1971_ramsar.txt	CONVENTION	ev.php-URL_ID=15398&URL_DO=DO_TOPIC&URL_SECTION=201.html	1971	02-02-1971	Ramsar	Convention on Wetlands of International Importance especially as Waterfowl Habitat	21	CONVENTION_0201_015398_1971_ramsar	114.0	69.0	116.0	277.0	540.0	54.0	66.0	265.0	244.0	203.0	1671.0	742.0
CONVENTION_0201_013646_1971_geneva	201	13646	CONVENTION_0201_013646_1971_geneva.txt	CONVENTION	ev.php-URL_ID=13646&URL_DO=DO_TOPIC&URL_SECTION=201.html	1971	29-10-1971	Geneva	Convention for the Protection of Producers of Phonograms against Unauthorized Duplication of their Phonograms	22	CONVENTION_0201_013646_1971_geneva	86.0	44.0	84.0	282.0	555.0	54.0	63.0	275.0	304.0	186.0	1651.0	741.0
CONVENTION_0201_013039_1970_paris	201	13039	CONVENTION_0201_013039_1970_paris.txt	CONVENTION	ev.php-URL_ID=13039&URL_DO=DO_TOPIC&URL_SECTION=201.html	1970	14-11-1970	Paris	Convention on the Means of Prohibiting and Preventing the Illicit Import, Export and Transfer of Ownership of Cultural Property	23	CONVENTION_0201_013039_1970_paris	295.0	120.0	198.0	521.0	1010.0	66.0	78.0	475.0	460.0	309.0	3011.0	1313.0
CONVENTION_0201_015321_1962_paris	201	15321	CONVENTION_0201_015321_1962_paris.txt	CONVENTION	ev.php-URL_ID=15321&URL_DO=DO_TOPIC&URL_SECTION=201.html	1962	10-12-1962	Paris	Protocol Instituting a Conciliation and Good offices Commission to be Responsible for Seeking the settlement of any Disputes which may Arise between States Parties to the Convention against Discrimination in Education.	24	CONVENTION_0201_015321_1962_paris	110.0	82.0	130.0	387.0	864.0	120.0	107.0	481.0	520.0	325.0	2739.0	1184.0
CONVENTION_0201_013645_1961_rome	201	13645	CONVENTION_0201_013645_1961_rome.txt	CONVENTION	ev.php-URL_ID=13645&URL_DO=DO_TOPIC&URL_SECTION=201.html	1961	26-10-1961	Rome	International Convention for the Protection of Performers, Producers of Phonograms and Broadcasting Organizations	25	CONVENTION_0201_013645_1961_rome	145.0	114.0	211.0	706.0	1293.0	145.0	141.0	657.0	697.0	411.0	3814.0	1703.0
CONVENTION_0201_012949_1960_paris	201	12949	CONVENTION_0201_012949_1960_paris.txt	CONVENTION	ev.php-URL_ID=12949&URL_DO=DO_TOPIC&URL_SECTION=201.html	1960	14-12-1960	Paris	Convention against Discrimination in Education	26	CONVENTION_0201_012949_1960_paris	167.0	93.0	166.0	327.0	729.0	55.0	70.0	375.0	363.0	208.0	2226.0	937.0
CONVENTION_0201_015395_1958_paris	201	15395	CONVENTION_0201_015395_1958_paris.txt	CONVENTION	ev.php-URL_ID=15395&URL_DO=DO_TOPIC&URL_SECTION=201.html	1958	03-12-1958	Paris	Convention concerning the International Exchange of Publications	27	CONVENTION_0201_015395_1958_paris	124.0	50.0	109.0	262.0	619.0	58.0	40.0	256.0	239.0	152.0	1647.0	766.0
CONVENTION_0201_013036_1958_paris	201	13036	CONVENTION_0201_013036_1958_paris.txt	CONVENTION	ev.php-URL_ID=13036&URL_DO=DO_TOPIC&URL_SECTION=201.html	1958	03-12-1958	Paris	Convention concerning the Exchange of Official Publications and Government Documents between States	28	CONVENTION_0201_013036_1958_paris	120.0	47.0	106.0	240.0	612.0	56.0	41.0	252.0	241.0	160.0	1635.0	770.0
CONVENTION_0201_013637_1954_the_hague	201	13637	CONVENTION_0201_013637_1954_the_hague.txt	CONVENTION	ev.php-URL_ID=13637&URL_DO=DO_TOPIC&URL_SECTION=201.html	1954	14-05-1954	The Hague	Convention for the Protection of Cultural Property in the Event of Armed Conflict with Regulations for the Execution of the Convention	29	CONVENTION_0201_013637_1954_the_hague	549.0	283.0	398.0	1266.0	2537.0	255.0	311.0	1294.0	1399.0	951.0	7977.0	3483.0
CONVENTION_0201_015381_1952_geneva	201	15381	CONVENTION_0201_015381_1952_geneva.txt	CONVENTION	ev.php-URL_ID=15381&URL_DO=DO_TOPIC&URL_SECTION=201.html	1952	06-09-1952	Geneva	Universal Copyright Convention, with Appendix Declaration relating to Articles XVII and Resolution concerning Article XI	30	CONVENTION_0201_015381_1952_geneva	215.0	130.0	221.0	441.0	1114.0	75.0	145.0	572.0	619.0	391.0	3482.0	1503.0
CONVENTION_0201_012074_1950_florence	201	12074	CONVENTION_0201_012074_1950_florence.txt	CONVENTION	ev.php-URL_ID=12074&URL_DO=DO_TOPIC&URL_SECTION=201.html	1950	17-06-1950	Florence	Agreement on the Importation of Educational, Scientific and Cultural Materials, with Annexes A to E and Protocol annexed	31	CONVENTION_0201_012074_1950_florence	277.0	97.0	229.0	586.0	1050.0	37.0	79.0	520.0	418.0	312.0	3019.0	1358.0
CONVENTION_0201_012064_1948_beirut	201	12064	CONVENTION_0201_012064_1948_beirut.txt	CONVENTION	ev.php-URL_ID=12064&URL_DO=DO_TOPIC&URL_SECTION=201.html	1948	10-12-1948	Beirut	Agreement For Facilitating the International Circulation of Visual and Auditory Materials of an Educational, Scientific and Cultural character with Protocol of Signature and model form of certificate provided for in Article IV of the above-mentioned Agreement	32	CONVENTION_0201_012064_1948_beirut	183.0	66.0	155.0	304.0	787.0	37.0	99.0	422.0	449.0	290.0	2488.0	1071.0
RECOMMENDATION_0201_049556_2019	201	49556	RECOMMENDATION_0201_049556_2019.txt	RECOMMENDATION	ev.php-URL_ID=49556&URL_DO=DO_TOPIC&URL_SECTION=201.html	2019	25-11-2019		Recommendation on Open Educational Resources (OER)	33	RECOMMENDATION_0201_049556_2019	401.0	166.0	366.0	733.0	1349.0	51.0	61.0	399.0	308.0	464.0	3565.0	1790.0
RECOMMENDATION_0201_049455_2017	201	49455	RECOMMENDATION_0201_049455_2017.txt	RECOMMENDATION	ev.php-URL_ID=49455&URL_DO=DO_TOPIC&URL_SECTION=201.html	2017	13-11-2017		Recommendation on Science and Scientific Researchers	34	RECOMMENDATION_0201_049455_2017												0.0
RECOMMENDATION_0201_049354_2015	201	49354	RECOMMENDATION_0201_049354_2015.txt	RECOMMENDATION	ev.php-URL_ID=49354&URL_DO=DO_TOPIC&URL_SECTION=201.html	2015	13-11-2015		Recommendation on Adult Learning and Education	35	RECOMMENDATION_0201_049354_2015	410.0	141.0	418.0	793.0	1456.0	63.0	73.0	449.0	337.0	504.0	3851.0	1958.0
RECOMMENDATION_0201_049355_2015	201	49355	RECOMMENDATION_0201_049355_2015.txt	RECOMMENDATION	ev.php-URL_ID=49355&URL_DO=DO_TOPIC&URL_SECTION=201.html	2015	13-11-2015		Recommendation concerning technical and vocational education and training (TVET)	36	RECOMMENDATION_0201_049355_2015	425.0	121.0	436.0	727.0	1492.0	98.0	71.0	460.0	275.0	554.0	3932.0	2044.0
RECOMMENDATION_0201_049357_2015	201	49357	RECOMMENDATION_0201_049357_2015.txt	RECOMMENDATION	ev.php-URL_ID=49357&URL_DO=DO_TOPIC&URL_SECTION=201.html	2015	17-11-2015		Recommendation concerning the protection and promotion of museums and collections, their diversity and their role in society	37	RECOMMENDATION_0201_049357_2015	324.0	131.0	291.0	525.0	1128.0	72.0	72.0	490.0	405.0	348.0	3261.0	1467.0
RECOMMENDATION_0201_049358_2015	201	49358	RECOMMENDATION_0201_049358_2015.txt	RECOMMENDATION	ev.php-URL_ID=49358&URL_DO=DO_TOPIC&URL_SECTION=201.html	2015	17-11-2015		Recommendation concerning the preservation of, and access to, documentary heritage including in digital form	38	RECOMMENDATION_0201_049358_2015	335.0	131.0	271.0	460.0	1096.0	65.0	80.0	408.0	312.0	368.0	3066.0	1463.0
RECOMMENDATION_0201_048857_2011	201	48857	RECOMMENDATION_0201_048857_2011.txt	RECOMMENDATION	ev.php-URL_ID=48857&URL_DO=DO_TOPIC&URL_SECTION=201.html	2011	10-11-2011		Recommendation on the Historic Urban Landscape, including a glossary of definitions	39	RECOMMENDATION_0201_048857_2011	570.0	116.0	336.0	604.0	1183.0	57.0	89.0	440.0	431.0	375.0	3597.0	1554.0
RECOMMENDATION_0201_017717_2003	201	17717	RECOMMENDATION_0201_017717_2003.txt	RECOMMENDATION	ev.php-URL_ID=17717&URL_DO=DO_TOPIC&URL_SECTION=201.html	2003	15-10-2003		Recommendation concerning the Promotion and Use of Multilingualism and Universal Access to Cyberspace	40	RECOMMENDATION_0201_017717_2003	304.0	73.0	213.0	336.0	845.0	31.0	54.0	359.0	249.0	250.0	2378.0	1095.0
RECOMMENDATION_0201_013144_1997	201	13144	RECOMMENDATION_0201_013144_1997.txt	RECOMMENDATION	ev.php-URL_ID=13144&URL_DO=DO_TOPIC&URL_SECTION=201.html	1997	11-11-1997		Recommendation concerning the Status of Higher-Education Teaching Personnel	41	RECOMMENDATION_0201_013144_1997	912.0	335.0	611.0	1349.0	2555.0	174.0	215.0	1031.0	802.0	722.0	7357.0	3243.0
RECOMMENDATION_0201_013142_1993	201	13142	RECOMMENDATION_0201_013142_1993.txt	RECOMMENDATION	ev.php-URL_ID=13142&URL_DO=DO_TOPIC&URL_SECTION=201.html	1993	13-11-1993		Recommendation on the Recognition of Studies and Qualifications in Higher Education	42	RECOMMENDATION_0201_013142_1993	310.0	106.0	215.0	320.0	806.0	29.0	65.0	441.0	377.0	321.0	2670.0	1117.0
RECOMMENDATION_0201_013141_1989	201	13141	RECOMMENDATION_0201_013141_1989.txt	RECOMMENDATION	ev.php-URL_ID=13141&URL_DO=DO_TOPIC&URL_SECTION=201.html	1989	15-11-1989		Recommendation on the Safeguarding of Traditional Culture and Folklore	43	RECOMMENDATION_0201_013141_1989	189.0	72.0	161.0	398.0	696.0	9.0	58.0	299.0	237.0	229.0	1950.0	919.0
RECOMMENDATION_0201_013146_1985	201	13146	RECOMMENDATION_0201_013146_1985.txt	RECOMMENDATION	ev.php-URL_ID=13146&URL_DO=DO_TOPIC&URL_SECTION=201.html	1985	01-11-1985		Revised Recommendation concerning the International Standardization of Statistics on the Production and Distribution of Books, Newspapers and Periodicals	44	RECOMMENDATION_0201_013146_1985	419.0	169.0	311.0	1269.0	1466.0	137.0	244.0	559.0	441.0	502.0	4248.0	1961.0
RECOMMENDATION_0201_013138_1980	201	13138	RECOMMENDATION_0201_013138_1980.txt	RECOMMENDATION	ev.php-URL_ID=13138&URL_DO=DO_TOPIC&URL_SECTION=201.html	1980	27-10-1980		Recommendation concerning the Status of the Artist	45	RECOMMENDATION_0201_013138_1980	612.0	361.0	559.0	1241.0	2360.0	153.0	172.0	1057.0	944.0	710.0	6928.0	3007.0
RECOMMENDATION_0201_013139_1980	201	13139	RECOMMENDATION_0201_013139_1980.txt	RECOMMENDATION	ev.php-URL_ID=13139&URL_DO=DO_TOPIC&URL_SECTION=201.html	1980	27-10-1980		Recommendation for the Safeguarding and Preservation of Moving Images	46	RECOMMENDATION_0201_013139_1980	386.0	205.0	277.0	548.0	1135.0	36.0	137.0	571.0	519.0	583.0	3849.0	1706.0
RECOMMENDATION_0201_013140_1980	201	13140	RECOMMENDATION_0201_013140_1980.txt	RECOMMENDATION	ev.php-URL_ID=13140&URL_DO=DO_TOPIC&URL_SECTION=201.html	1980	27-10-1980		Recommendation concerning the International Standardization of Statistics on the Public Financing of Cultural Activities	47	RECOMMENDATION_0201_013140_1980	312.0	54.0	197.0	567.0	911.0	89.0	86.0	347.0	261.0	262.0	2519.0	1172.0
RECOMMENDATION_0201_013134_1978	201	13134	RECOMMENDATION_0201_013134_1978.txt	RECOMMENDATION	ev.php-URL_ID=13134&URL_DO=DO_TOPIC&URL_SECTION=201.html	1978	27-11-1978		Revised Recommendation concerning International Competitions in Architecture and Town Planning	48	RECOMMENDATION_0201_013134_1978	196.0	112.0	164.0	468.0	926.0	98.0	140.0	454.0	546.0	396.0	3032.0	1322.0
RECOMMENDATION_0201_013135_1978	201	13135	RECOMMENDATION_0201_013135_1978.txt	RECOMMENDATION	ev.php-URL_ID=13135&URL_DO=DO_TOPIC&URL_SECTION=201.html	1978	27-11-1978		Recommendation concerning the International Standardization of Statistics on Science and Technology	49	RECOMMENDATION_0201_013135_1978	82.0	25.0	70.0	133.0	242.0	9.0	13.0	103.0	90.0	95.0	729.0	336.0
RECOMMENDATION_0201_013136_1978	201	13136	RECOMMENDATION_0201_013136_1978.txt	RECOMMENDATION	ev.php-URL_ID=13136&URL_DO=DO_TOPIC&URL_SECTION=201.html	1978	27-11-1978		Revised Recommendation concerning the International Standardization of Educational Statistics	50	RECOMMENDATION_0201_013136_1978	225.0	86.0	149.0	559.0	659.0	98.0	123.0	293.0	222.0	214.0	2069.0	873.0
RECOMMENDATION_0201_013137_1978	201	13137	RECOMMENDATION_0201_013137_1978.txt	RECOMMENDATION	ev.php-URL_ID=13137&URL_DO=DO_TOPIC&URL_SECTION=201.html	1978	28-11-1978		Recommendation for the Protection of Movable Cultural Property	51	RECOMMENDATION_0201_013137_1978	484.0	138.0	311.0	652.0	1201.0	39.0	84.0	542.0	484.0	418.0	3701.0	1614.0
RECOMMENDATION_0201_013132_1976	201	13132	RECOMMENDATION_0201_013132_1976.txt	RECOMMENDATION	ev.php-URL_ID=13132&URL_DO=DO_TOPIC&URL_SECTION=201.html	1976	26-11-1976		Recommendation concerning the International Exchange of Cultural Property	52	RECOMMENDATION_0201_013132_1976	266.0	79.0	139.0	286.0	555.0	22.0	61.0	296.0	284.0	239.0	1941.0	791.0
RECOMMENDATION_0201_013133_1976	201	13133	RECOMMENDATION_0201_013133_1976.txt	RECOMMENDATION	ev.php-URL_ID=13133&URL_DO=DO_TOPIC&URL_SECTION=201.html	1976	26-11-1976		Recommendation concerning the Safeguarding and Contemporary Role of Historic Areas	53	RECOMMENDATION_0201_013133_1976	637.0	231.0	475.0	690.0	1508.0	67.0	191.0	734.0	746.0	667.0	5256.0	2163.0
RECOMMENDATION_0201_013092_1976	201	13092	RECOMMENDATION_0201_013092_1976.txt	RECOMMENDATION	ev.php-URL_ID=13092&URL_DO=DO_TOPIC&URL_SECTION=201.html	1976	22-11-1976		Recommendation concerning the International Standardization of Statistics on Radio and Television	54	RECOMMENDATION_0201_013092_1976	302.0	85.0	173.0	980.0	1151.0	40.0	93.0	342.0	263.0	273.0	2722.0	1421.0
RECOMMENDATION_0201_013089_1976	201	13089	RECOMMENDATION_0201_013089_1976.txt	RECOMMENDATION	ev.php-URL_ID=13089&URL_DO=DO_TOPIC&URL_SECTION=201.html	1976	22-11-1976		Recommendation on the Legal Protection of Translators and Translations and the Practical Means to improve the Status of Translators	55	RECOMMENDATION_0201_013089_1976	223.0	121.0	192.0	398.0	750.0	32.0	73.0	378.0	353.0	288.0	2410.0	1034.0
RECOMMENDATION_0201_013097_1976	201	13097	RECOMMENDATION_0201_013097_1976.txt	RECOMMENDATION	ev.php-URL_ID=13097&URL_DO=DO_TOPIC&URL_SECTION=201.html	1976	26-11-1976		Recommendation on Participation by the People at Large in Cultural Life and their Contribution to It	56	RECOMMENDATION_0201_013097_1976	700.0	236.0	516.0	947.0	1879.0	34.0	114.0	895.0	781.0	571.0	5726.0	2430.0
RECOMMENDATION_0201_013088_1974	201	13088	RECOMMENDATION_0201_013088_1974.txt	RECOMMENDATION	ev.php-URL_ID=13088&URL_DO=DO_TOPIC&URL_SECTION=201.html	1974	19-11-1974		Recommendation concerning Education for International Understanding, Co-operation and Peace and Education relating to Human Rights and Fundamental Freedoms	57	RECOMMENDATION_0201_013088_1974	503.0	172.0	400.0	676.0	1506.0	57.0	83.0	652.0	547.0	524.0	4444.0	2007.0
RECOMMENDATION_0201_013087_1972	201	13087	RECOMMENDATION_0201_013087_1972.txt	RECOMMENDATION	ev.php-URL_ID=13087&URL_DO=DO_TOPIC&URL_SECTION=201.html	1972	16-11-1972		Recommendation concerning the Protection, at National Level, of the Cultural and Natural Heritage	58	RECOMMENDATION_0201_013087_1972	581.0	176.0	397.0	652.0	1249.0	83.0	138.0	621.0	577.0	545.0	4367.0	1785.0
RECOMMENDATION_0201_013086_1970	201	13086	RECOMMENDATION_0201_013086_1970.txt	RECOMMENDATION	ev.php-URL_ID=13086&URL_DO=DO_TOPIC&URL_SECTION=201.html	1970	13-11-1970		Recommendation concerning the International Standardization of Library Statistics	59	RECOMMENDATION_0201_013086_1970	232.0	69.0	144.0	633.0	816.0	38.0	75.0	340.0	287.0	269.0	2270.0	1083.0
RECOMMENDATION_0201_013085_1968	201	13085	RECOMMENDATION_0201_013085_1968.txt	RECOMMENDATION	ev.php-URL_ID=13085&URL_DO=DO_TOPIC&URL_SECTION=201.html	1968	19-11-1968		Recommendation concerning the Preservation of Cultural Property Endangered by Public or Private works	60	RECOMMENDATION_0201_013085_1968	521.0	163.0	340.0	577.0	985.0	42.0	142.0	464.0	377.0	445.0	3479.0	1427.0
RECOMMENDATION_0201_013084_1966	201	13084	RECOMMENDATION_0201_013084_1966.txt	RECOMMENDATION	ev.php-URL_ID=13084&URL_DO=DO_TOPIC&URL_SECTION=201.html	1966	05-10-1966		Recommendation concerning the Status of Teachers	61	RECOMMENDATION_0201_013084_1966	766.0	388.0	531.0	1202.0	2287.0	170.0	350.0	1128.0	896.0	955.0	7471.0	3233.0
RECOMMENDATION_0201_013068_1964	201	13068	RECOMMENDATION_0201_013068_1964.txt	RECOMMENDATION	ev.php-URL_ID=13068&URL_DO=DO_TOPIC&URL_SECTION=201.html	1964	19-11-1964		Recommendation concerning the International Standardization of Statistics Relating to Book Production and Periodicals	62	RECOMMENDATION_0201_013068_1964	308.0	125.0	236.0	1044.0	1098.0	170.0	214.0	397.0	371.0	363.0	3282.0	1456.0
RECOMMENDATION_0201_013083_1964	201	13083	RECOMMENDATION_0201_013083_1964.txt	RECOMMENDATION	ev.php-URL_ID=13083&URL_DO=DO_TOPIC&URL_SECTION=201.html	1964	19-11-1964		Recommendation on the Means of Prohibiting and Preventing the Illicit Export, Import and Transfer of Ownership of Cultural Property	63	RECOMMENDATION_0201_013083_1964	205.0	71.0	114.0	240.0	514.0	31.0	51.0	284.0	266.0	215.0	1751.0	727.0
RECOMMENDATION_0201_013067_1962	201	13067	RECOMMENDATION_0201_013067_1962.txt	RECOMMENDATION	ev.php-URL_ID=13067&URL_DO=DO_TOPIC&URL_SECTION=201.html	1962	11-12-1962		Recommendation concerning the Safeguarding of Beauty and Character of Landscapes and Sites	64	RECOMMENDATION_0201_013067_1962	267.0	100.0	214.0	429.0	781.0	48.0	105.0	397.0	341.0	317.0	2570.0	1097.0
RECOMMENDATION_0201_013063_1960	201	13063	RECOMMENDATION_0201_013063_1960.txt	RECOMMENDATION	ev.php-URL_ID=13063&URL_DO=DO_TOPIC&URL_SECTION=201.html	1960	14-12-1960		Recommendation concerning the Most Effective Means of Rendering Museums Accessible to Everyone	65	RECOMMENDATION_0201_013063_1960	152.0	71.0	120.0	227.0	459.0	23.0	62.0	239.0	214.0	213.0	1553.0	669.0
RECOMMENDATION_0201_013065_1960	201	13065	RECOMMENDATION_0201_013065_1960.txt	RECOMMENDATION	ev.php-URL_ID=13065&URL_DO=DO_TOPIC&URL_SECTION=201.html	1960	14-12-1960		Recommendation against Discrimination in Education	66	RECOMMENDATION_0201_013065_1960	136.0	58.0	123.0	221.0	473.0	12.0	47.0	254.0	238.0	154.0	1495.0	626.0
RECOMMENDATION_0201_013062_1956	201	13062	RECOMMENDATION_0201_013062_1956.txt	RECOMMENDATION	ev.php-URL_ID=13062&URL_DO=DO_TOPIC&URL_SECTION=201.html	1956	05-12-1956		Recommendation on International Principles Applicable to Archaeological Excavations	67	RECOMMENDATION_0201_013062_1956	341.0	152.0	177.0	455.0	888.0	42.0	112.0	492.0	454.0	402.0	3060.0	1284.0
DECLARATION_0201_049457_2017	201	49457	DECLARATION_0201_049457_2017.txt	DECLARATION	ev.php-URL_ID=49457&URL_DO=DO_TOPIC&URL_SECTION=201.html	2017	13-11-2017		Declaration of Ethical Principles in relation to Climate Change	68	DECLARATION_0201_049457_2017	342.0	171.0	313.0	637.0	1212.0	49.0	81.0	424.0	375.0	351.0	3318.0	1561.0
DECLARATION_0201_013150_2015	201	13150	DECLARATION_0201_013150_2015.txt	DECLARATION	ev.php-URL_ID=13150&URL_DO=DO_TOPIC&URL_SECTION=201.html	2015	17-11-2015		International Charter of Physical Education, Physical Activity and Sport	69	DECLARATION_0201_013150_2015	569.0	114.0	400.0	643.0	1349.0	73.0	69.0	366.0	312.0	390.0	3642.0	1731.0
DECLARATION_0201_031058_2005	201	31058	DECLARATION_0201_031058_2005.txt	DECLARATION	ev.php-URL_ID=31058&URL_DO=DO_TOPIC&URL_SECTION=201.html	2005	19-10-2005		Universal Declaration on Bioethics and Human Rights	70	DECLARATION_0201_031058_2005	422.0	131.0	320.0	579.0	1168.0	92.0	130.0	529.0	387.0	364.0	3543.0	1532.0
DECLARATION_0201_017718_2003	201	17718	DECLARATION_0201_017718_2003.txt	DECLARATION	ev.php-URL_ID=17718&URL_DO=DO_TOPIC&URL_SECTION=201.html	2003	17-10-2003		UNESCO Declaration concerning the Intentional Destruction of Cultural Heritage	71	DECLARATION_0201_017718_2003	173.0	61.0	87.0	205.0	410.0	31.0	22.0	208.0	168.0	138.0	1298.0	548.0
DECLARATION_0201_017720_2003	201	17720	DECLARATION_0201_017720_2003.txt	DECLARATION	ev.php-URL_ID=17720&URL_DO=DO_TOPIC&URL_SECTION=201.html	2003	16-10-2003		International Declaration on Human Genetic Data	72	DECLARATION_0201_017720_2003	706.0	174.0	373.0	741.0	1390.0	77.0	159.0	596.0	528.0	479.0	4482.0	1866.0
DECLARATION_0201_017721_2003	201	17721	DECLARATION_0201_017721_2003.txt	DECLARATION	ev.php-URL_ID=17721&URL_DO=DO_TOPIC&URL_SECTION=201.html	2003	15-10-2003		Charter on the Preservation of Digital Heritage	73	DECLARATION_0201_017721_2003	191.0	53.0	135.0	257.0	459.0	14.0	46.0	160.0	157.0	171.0	1386.0	630.0
DECLARATION_0201_013179_2001	201	13179	DECLARATION_0201_013179_2001.txt	DECLARATION	ev.php-URL_ID=13179&URL_DO=DO_TOPIC&URL_SECTION=201.html	2001	02-11-2001		UNESCO Universal Declaration on Cultural Diversity	74	DECLARATION_0201_013179_2001	301.0	63.0	208.0	349.0	766.0	49.0	46.0	387.0	298.0	201.0	2319.0	966.0
DECLARATION_0201_013177_1997	201	13177	DECLARATION_0201_013177_1997.txt	DECLARATION	ev.php-URL_ID=13177&URL_DO=DO_TOPIC&URL_SECTION=201.html	1997	11-11-1997		Universal Declaration on the Human Genome and Human Rights	75	DECLARATION_0201_013177_1997	228.0	90.0	178.0	332.0	804.0	93.0	65.0	389.0	314.0	253.0	2414.0	1050.0
DECLARATION_0201_013178_1997	201	13178	DECLARATION_0201_013178_1997.txt	DECLARATION	ev.php-URL_ID=13178&URL_DO=DO_TOPIC&URL_SECTION=201.html	1997	12-11-1997		Declaration on the Responsibilities of the Present Generations Towards Future Generations	76	DECLARATION_0201_013178_1997	172.0	54.0	104.0	179.0	398.0	34.0	32.0	183.0	157.0	135.0	1269.0	532.0
DECLARATION_0201_013175_1995	201	13175	DECLARATION_0201_013175_1995.txt	DECLARATION	ev.php-URL_ID=13175&URL_DO=DO_TOPIC&URL_SECTION=201.html	1995	16-11-1995		Declaration of Principles on Tolerance	77	DECLARATION_0201_013175_1995	149.0	84.0	168.0	294.0	594.0	37.0	50.0	229.0	190.0	155.0	1656.0	747.0
DECLARATION_0201_013161_1978	201	13161	DECLARATION_0201_013161_1978.txt	DECLARATION	ev.php-URL_ID=13161&URL_DO=DO_TOPIC&URL_SECTION=201.html	1978	27-11-1978		Declaration on Race and Racial Prejudice	78	DECLARATION_0201_013161_1978	326.0	145.0	281.0	341.0	793.0	32.0	81.0	403.0	382.0	258.0	2701.0	1047.0
DECLARATION_0201_013176_1978	201	13176	DECLARATION_0201_013176_1978.txt	DECLARATION	ev.php-URL_ID=13176&URL_DO=DO_TOPIC&URL_SECTION=201.html	1978	28-11-1978		Declaration on Fundamental Principles concerning the Contribution of the Mass Media to Strengthening Peace and International Understanding, to the Promotion of Human Rights and to Countering Racialism, apartheid and incitement to war	79	DECLARATION_0201_013176_1978	174.0	93.0	177.0	269.0	687.0	30.0	53.0	355.0	331.0	194.0	2094.0	877.0
DECLARATION_0201_017518_1972	201	17518	DECLARATION_0201_017518_1972.txt	DECLARATION	ev.php-URL_ID=17518&URL_DO=DO_TOPIC&URL_SECTION=201.html	1972	15-11-1972		Declaration of Guiding Principles on the Use of Satellite Broadcasting for the Free Flow of Information, the Spread of Education and Greater Cultural Exchange	80	DECLARATION_0201_017518_1972	119.0	36.0	99.0	168.0	456.0	24.0	34.0	200.0	163.0	121.0	1252.0	569.0
DECLARATION_0201_013147_1966	201	13147	DECLARATION_0201_013147_1966.txt	DECLARATION	ev.php-URL_ID=13147&URL_DO=DO_TOPIC&URL_SECTION=201.html	1966	04-11-1966		Declaration of Principles of International Cultural Co-operation	81	DECLARATION_0201_013147_1966	82.0	39.0	80.0	143.0	335.0	10.0	35.0	158.0	162.0	108.0	1009.0	431.0
