courier_id,filename
012656,012656engo.pdf
014255,014255engo.pdf
014256,014256engo.pdf
015480,015480engo.pdf
016653,016653engo.pdf
020805,020805engo.pdf
022703,022703engo.pdf
023681,023681engo.pdf
028352,028352engo.pdf
031600,031600engo.pdf
032667,032667engo.pdf
033144,033144engo.pdf
035706,035706engo.pdf
040945,040945engo.pdf
042993,042993engo.pdf
044064,044064engo.pdf
044515,044515engo.pdf
045086,045086engo.pdf
046076,046076engo.pdf
046520,046520engo.pdf
049631,049631engo.pdf
049648,049648engo.pdf
049738,049738engo.pdf
050399,050399engo.pdf
050495,050495engo.pdf
052257,052257engo.pdf
052770,052770engo.pdf
052879,052879engo.pdf
052935,052935engo.pdf
053853,053853engo.pdf
053888,053888engo.pdf
054453,054453engo.pdf
056740,056740engo.pdf
056743,056743engo.pdf
056857,056857engo.pdf
056988,056988engo.pdf
057247,057247engo.pdf
057783,057783engo.pdf
058067,058067engo.pdf
058738,058738engo.pdf
058803,058803engo.pdf
058953,058953engo.pdf
059301,059301engo.pdf
059683,059683engo.pdf
059709,059709eng.pdf
060487,060487engo.pdf
060488,060488engo.pdf
060510,060510engo.pdf
060619,060619engo.pdf
060703,060703engo.pdf
060718,060718engo.pdf
061306,061306engo.pdf
061386,061386engo.pdf
061392,061392engo.pdf
061468,061468engo.pdf
061952,061952engo.pdf
061953,061953engo.pdf
062188,062188engo.pdf
062195,062195engo.pdf
062313,062313engo.pdf
062315,062315engo.pdf
062352,062352engo.pdf
062384,062384engo.pdf
062393,062393engo.pdf
062404,062404engo.pdf
062603,062603engo.pdf
062672,062672engo.pdf
062706,062706engo.pdf
062882,062882engo.pdf
062906,062906engo.pdf
062935,062935engo.pdf
063381,063381engo.pdf
063436,063436engo.pdf
063437,063437engo.pdf
063438,063438engo.pdf
063446,063446engo.pdf
063456,063456engo.pdf
063659,063659engo.pdf
063738,063738engo.pdf
063808,063808engo.pdf
063847,063847engo.pdf
064074,064074engo.pdf
064092,064092engo.pdf
064240,064240engo.pdf
064255,064255engo.pdf
064331,064331engo.pdf
064501,064501engo.pdf
064515,064515engo.pdf
064522,064522engo.pdf
064591,064591engo.pdf
064690,064690engo.pdf
064692,064692engo.pdf
064696,064696engo.pdf
064724,064724engo.pdf
064833,064833engo.pdf
064888,064888engo.pdf
064895,064895engo.pdf
064933,064933engo.pdf
065221,065221engo.pdf
065278,065278engo.pdf
066059,066059engo.pdf
066107,066107engo.pdf
066121,066121engo.pdf
066142,066142engo.pdf
066148,066148engo.pdf
066182,066182engo.pdf
066222,066222engo.pdf
066244,066244engo.pdf
066266,066266engo.pdf
066285,066285engo.pdf
066321,066321engo.pdf
066613,066613engo.pdf
066614,066614engo.pdf
066617,066617engo.pdf
066651,066651engo.pdf
066675,066675engo.pdf
066943,066943engo.pdf
066970,066970engo.pdf
067211,067211engo.pdf
067218,067218engo.pdf
067562,067562engo.pdf
067587,067587engo.pdf
067651,067651engo.pdf
067949,067949engo.pdf
067956,067956engo.pdf
067988,067988engo.pdf
068051,068051engo.pdf
068057,068057engo.pdf
068108,068108engo.pdf
068278,068278engo.pdf
068337,068337engo.pdf
068421,068421engo.pdf
068623,068623engo.pdf
068778,068778engo.pdf
068829,068829engo.pdf
068909,068909engo.pdf
068910,068910engo.pdf
068918,068918engo.pdf
068941,068941engo.pdf
068948,068948engo.pdf
068956,068956engo.pdf
068976,068976engo.pdf
068988,068988engo.pdf
069011,069011engo.pdf
069029,069029engo.pdf
069080,069080engo.pdf
069416,069416engo.pdf
069653,069653engo.pdf
069680,069680engo.pdf
069729,069729engo.pdf
069853,069853engo.pdf
069904,069904engo.pdf
069916,069916engo.pdf
069962,069962engo.pdf
069982,069982engo.pdf
070030,070030engo.pdf
070070,070070engo.pdf
070091,070091engo.pdf
070144,070144engo.pdf
070186,070186engo.pdf
070196,070196engo.pdf
070219,070219engo.pdf
070232,070232engo.pdf
070250,070250engo.pdf
070268,070268engo.pdf
070450,070450engo.pdf
070452,070452engo.pdf
070464,070464engo.pdf
070484,070484engo.pdf
070568,070568engo.pdf
070725,070725engo.pdf
070841,070841engo.pdf
070862,070862engo.pdf
070922,070922engo.pdf
070990,070990engo.pdf
071048,071048engo.pdf
071059,071059engo.pdf
071076,071076engo.pdf
071135,071135engo.pdf
071148,071148engo.pdf
071276,071276engo.pdf
071298,071298engo.pdf
071299,071299engo.pdf
071641,071641engo.pdf
071682,071682engo.pdf
072098,072098engo.pdf
072293,072293engo.pdf
073033,073033engo.pdf
073068,073068engo.pdf
073178,073178engo.pdf
073310,073310engo.pdf
073379,073379engo.pdf
073487,073487engo.pdf
073516,073516engo.pdf
073537,073537engo.pdf
073557,073557engo.pdf
073649,073649engo.pdf
073683,073683engo.pdf
073713,073713engo.pdf
073741,073741engo.pdf
073774,073774engo.pdf
073790,073790engo.pdf
073809,073809engo.pdf
073829,073829engo.pdf
073850,073850engo.pdf
073867,073867engo.pdf
073886,073886engo.pdf
073912,073912engo.pdf
073938,073938engo.pdf
073956,073956engo.pdf
073970,073970engo.pdf
073993,073993engo.pdf
074013,074013engo.pdf
074029,074029engo.pdf
074055,074055engo.pdf
074116,074116engo.pdf
074130,074130engo.pdf
074184,074184engo.pdf
074589,074589engo.pdf
074639,074639engo.pdf
074642,074642engo.pdf
074672,074672engo.pdf
074673,074673engo.pdf
074675,074675engo.pdf
074676,074676engo.pdf
074678,074678engo.pdf
074679,074679engo.pdf
074681,074681engo.pdf
074683,074683engo.pdf
074684,074684engo.pdf
074686,074686engo.pdf
074687,074687engo.pdf
074689,074689engo.pdf
074691,074691engo.pdf
074692,074692engo.pdf
074693,074693engo.pdf
074694,074694engo.pdf
074696,074696engo.pdf
074700,074700engo.pdf
074701,074701engo.pdf
074704,074704engo.pdf
074705,074705engo.pdf
074708,074708engo.pdf
074712,074712engo.pdf
074713,074713engo.pdf
074714,074714engo.pdf
074715,074715engo.pdf
074717,074717engo.pdf
074720,074720engo.pdf
074721,074721engo.pdf
074723,074723engo.pdf
074732,074732engo.pdf
074734,074734engo.pdf
074735,074735engo.pdf
074736,074736engo.pdf
074737,074737engo.pdf
074739,074739engo.pdf
074741,074741engo.pdf
074744,074744engo.pdf
074748,074748engo.pdf
074751,074751engo.pdf
074752,074752engo.pdf
074754,074754engo.pdf
074755,074755engo.pdf
074756,074756engo.pdf
074757,074757engo.pdf
074758,074758engo.pdf
074760,074760engo.pdf
074761,074761engo.pdf
074765,074765engo.pdf
074766,074766engo.pdf
074768,074768engo.pdf
074769,074769engo.pdf
074770,074770engo.pdf
074771,074771engo.pdf
074776,074776engo.pdf
074777,074777engo.pdf
074778,074778engo.pdf
074780,074780engo.pdf
074785,074785engo.pdf
074786,074786engo.pdf
074795,074795engo.pdf
074796,074796engo.pdf
074798,074798engo.pdf
074801,074801engo.pdf
074803,074803engo.pdf
074804,074804engo.pdf
074805,074805engo.pdf
074806,074806engo.pdf
074807,074807engo.pdf
074808,074808engo.pdf
074809,074809engo.pdf
074810,074810engo.pdf
074811,074811engo.pdf
074812,074812engo.pdf
074813,074813engo.pdf
074814,074814engo.pdf
074815,074815engo.pdf
074816,074816engo.pdf
074817,074817engo.pdf
074818,074818engo.pdf
074819,074819engo.pdf
074820,074820engo.pdf
074823,074823engo.pdf
074824,074824engo.pdf
074825,074825engo.pdf
074826,074826engo.pdf
074827,074827engo.pdf
074828,074828engo.pdf
074829,074829engo.pdf
074832,074832engo.pdf
074836,074836engo.pdf
074838,074838engo.pdf
074840,074840engo.pdf
074841,074841engo.pdf
074842,074842engo.pdf
074845,074845engo.pdf
074848,074848engo.pdf
074849,074849engo.pdf
074866,074866engo.pdf
074868,074868engo.pdf
074869,074869engo.pdf
074870,074870engo.pdf
074873,074873engo.pdf
074875,074875engo.pdf
074876,074876engo.pdf
074877,074877engo.pdf
074878,074878engo.pdf
074879,074879engo.pdf
074880,074880engo.pdf
074881,074881engo.pdf
074884,074884engo.pdf
074885,074885engo.pdf
074886,074886engo.pdf
074890,074890engo.pdf
074891,074891engo.pdf
074894,074894engo.pdf
074896,074896engo.pdf
074906,074906engo.pdf
074925,074925engo.pdf
074929,074929engo.pdf
074930,074930engo.pdf
074933,074933engo.pdf
074946,074946engo.pdf
074968,074968engo.pdf
074977,074977engo.pdf
076498,076498engo.pdf
076517,076517engo.pdf
076565,076565engo.pdf
076585,076585engo.pdf
076667,076667engo.pdf
077050,077050engo.pdf
077733,077733engo.pdf
078126,078126engo.pdf
078133,078133engo.pdf
078140,078140engo.pdf
078141,078141engo.pdf
078145,078145engo.pdf
078148,078148engo.pdf
078150,078150engo.pdf
078152,078152engo.pdf
078160,078160engo.pdf
078161,078161engo.pdf
078165,078165engo.pdf
078166,078166engo.pdf
078175,078175engo.pdf
078176,078176engo.pdf
078178,078178engo.pdf
078179,078179engo.pdf
078187,078187engo.pdf
078189,078189engo.pdf
078193,078193engo.pdf
078194,078194engo.pdf
078196,078196engo.pdf
078200,078200engo.pdf
078208,078208engo.pdf
078210,078210engo.pdf
078211,078211engo.pdf
078222,078222engo.pdf
078224,078224engo.pdf
078226,078226engo.pdf
078231,078231engo.pdf
078234,078234engo.pdf
078237,078237engo.pdf
078240,078240engo.pdf
078241,078241engo.pdf
078244,078244engo.pdf
078245,078245engo.pdf
078246,078246engo.pdf
078247,078247engo.pdf
078253,078253engo.pdf
078255,078255engo.pdf
078262,078262engo.pdf
078264,078264engo.pdf
078266,078266engo.pdf
078268,078268engo.pdf
078269,078269engo.pdf
078271,078271engo.pdf
078273,078273engo.pdf
078274,078274engo.pdf
078276,078276engo.pdf
078279,078279engo.pdf
078283,078283engo.pdf
078285,078285engo.pdf
078286,078286engo.pdf
078289,078289engo.pdf
078290,078290engo.pdf
078294,078294engo.pdf
078306,078306engo.pdf
078332,078332engo.pdf
078347,078347engo.pdf
078349,078349engo.pdf
078350,078350engo.pdf
078354,078354engo.pdf
078356,078356engo.pdf
078362,078362engo.pdf
078367,078367engo.pdf
078370,078370engo.pdf
078371,078371engo.pdf
078373,078373engo.pdf
078375,078375engo.pdf
078378,078378engo.pdf
078379,078379engo.pdf
078380,078380engo.pdf
078382,078382engo.pdf
078383,078383engo.pdf
078384,078384engo.pdf
078417,078417engo.pdf
078423,078423engo.pdf
078424,078424engo.pdf
078431,078431engo.pdf
078438,078438engo.pdf
078447,078447engo.pdf
078449,078449engo.pdf
078451,078451engo.pdf
078452,078452engo.pdf
079179,079179engo.pdf
079384,079384engo.pdf
079609,079609engo.pdf
079702,079702engo.pdf
080978,080978engo.pdf
080991,080991engo.pdf
081286,081286engo.pdf
081370,081370engo.pdf
081400,081400engo.pdf
081475,081475engo.pdf
081543,081543engo.pdf
081564,081564engo.pdf
081592,081592engo.pdf
081616,081616engo.pdf
081712,081712engo.pdf
081721,081721engo.pdf
081732,081732engo.pdf
082165,082165engo.pdf
082219,082219engo.pdf
083091,083091engo.pdf
083185,083185engo.pdf
083206,083206engo.pdf
083386,083386engo.pdf
083412,083412engo.pdf
083935,083935engo.pdf
084191,084191engo.pdf
084201,084201engo.pdf
084413,084413engo.pdf
085187,085187engo.pdf
085219,085219engo.pdf
085577,085577engo.pdf
086025,086025engo.pdf
086052,086052engo.pdf
086067,086067engo.pdf
086203,086203engo.pdf
086461,086461engo.pdf
086687,086687engo.pdf
087205,087205engo.pdf
087206,087206engo.pdf
087663,087663engo.pdf
087746,087746engo.pdf
087907,087907engo.pdf
088099,088099engo.pdf
088517,088517engo.pdf
088610,088610engo.pdf
088837,088837engo.pdf
088998,088998engo.pdf
089116,089116engo.pdf
089961,089961engo.pdf
090256,090256engo.pdf
090316,090316engo.pdf
090699,090699engo.pdf
090796,090796engo.pdf
090835,090835engo.pdf
091185,091185engo.pdf
091224,091224engo.pdf
091412,091412engo.pdf
092021,092021engo.pdf
092231,092231engo.pdf
092573,092573engo.pdf
092651,092651engo.pdf
093019,093019engo.pdf
093364,093364engo.pdf
093440,093440engo.pdf
093670,093670engo.pdf
093750,093750engo.pdf
094277,094277engo.pdf
094420,094420engo.pdf
095092,095092engo.pdf
095106,095106engo.pdf
095141,095141engo.pdf
095767,095767engo.pdf
096065,096065engo.pdf
096120,096120engo.pdf
096815,096815engo.pdf
096850,096850engo.pdf
096900,096900engo.pdf
096934,096934engo.pdf
097246,097246engo.pdf
098006,098006engo.pdf
098363,098363engo.pdf
098493,098493engo.pdf
098936,098936engo.pdf
099251,099251engo.pdf
099696,099696engo.pdf
099738,099738engo.pdf
099844,099844engo.pdf
100259,100259engo.pdf
100263,100263engo.pdf
100576,100576engo.pdf
101119,101119engo.pdf
101202,101202engo.pdf
101488,101488engo.pdf
102011,102011engo.pdf
102540,102540engo.pdf
102554,102554engo.pdf
102577,102577engo.pdf
102622,102622engo.pdf
102874,102874engo.pdf
103084,103084engo.pdf
104412,104412engo.pdf
104497,104497engo.pdf
104683,104683engb.pdf
104902,104902engo.pdf
104975,104975engo.pdf
105001,105001engo.pdf
105101,105101engo.pdf
105695,105695engo.pdf
105951,105951engo.pdf
105969,105969engo.pdf
108625,108625engo.pdf
109370,109370engo.pdf
109505,109505engo.pdf
109515,109515engo.pdf
109538,109538engo.pdf
109841,109841engo.pdf
110425,110425engo.pdf
110439,110439engo.pdf
111114,111114engo.pdf
111392,111392engo.pdf
111704,111704engo.pdf
112053,112053engo.pdf
112488,112488eng.pdf
113355,113355eng.pdf
113615,113615eng.pdf
114138,114138eng.pdf
114252,114252eng.pdf
114699,114699eng.pdf
114969,114969eng.pdf
115117,115117eng.pdf
115591,115591eng.pdf
115858,115858eng.pdf
116241,116241eng.pdf
117043,117043eng.pdf
117419,117419eng.pdf
117896,117896eng.pdf
118279,118279eng.pdf
118482,118482eng.pdf
118789,118789eng.pdf
119473,119473eng.pdf
119966,119966eng.pdf
120395,120395eng.pdf
120752,120752eng.pdf
121198,121198eng.pdf
122144,122144eng.pdf
122266,122266eng.pdf
122623,122623eng.pdf
123798,123798eng.pdf
124785,124785eng.pdf
125736,125736eng.pdf
127885,127885eng.pdf
130036,130036eng.pdf
132107,132107engb.pdf
133120,133120eng.pdf
135045,135045eng.pdf
137745,137745eng.pdf
138446,138446eng.pdf
139497,139497eng.pdf
142021,142021eng.pdf
146725,146725engo.pdf
146726,146726engo.pdf
146744,146744engo.pdf
150227,150227eng.pdf
151580,151580eng.pdf
152042,152042eng.pdf
158378,158378eng.pdf
158580,158580eng.pdf
159919,159919eng.pdf
162430,162430eng.pdf
162711,162711eng.pdf
163541,163541eng.pdf
179406,179406eng.pdf
179880,179880eng.pdf
183304,183304eng.pdf
184034,184034eng.pdf
184070,184070engo.pdf
184071,184071engo.pdf
184442,184442engo.pdf
185815,185815eng.pdf
185818,185818eng.pdf
185864,185864eng.pdf
185885,185885eng.pdf
185900,185900eng.pdf
185958,185958eng.pdf
186515,186515eng.pdf
186521,186521eng.pdf
186699,186699eng.pdf
186700,186700eng.pdf
186704,186704eng.pdf
189411,189411eng.pdf
189454,189454eng.pdf
189455,189455eng.pdf
189457,189457eng.pdf
189496,189496eng.pdf
189559,189559eng.pdf
189770,189770eng.pdf
190645,190645eng.pdf
191443,191443eng.pdf
191574,191574eng.pdf
191575,191575eng.pdf
191576,191576eng.pdf
191577,191577eng.pdf
191578,191578eng.pdf
191579,191579eng.pdf
191580,191580eng.pdf
192178,192178eng.pdf
192180,192180eng.pdf
192261,192261eng.pdf
193773,193773eng.pdf
213061,213061eng.pdf
214579,214579eng.pdf
248106,248106eng.pdf
252318,252318eng.pdf
259765,259765eng.pdf
261279,261279eng.pdf
261900,261900eng.pdf
265211,265211eng.pdf
265904,265904eng.pdf
366654,366654eng.pdf
367693,367693eng.pdf
370032,370032eng.pdf
370977,370977eng.pdf
372603,372603eng.pdf
373788,373788eng.pdf
